event_time,event_count,sum_bytes,num_match_event
1998-06-29 22:00:00,25300,80657677,0
1998-06-29 22:01:00,26404,84891800,0
1998-06-29 22:02:00,23992,80145983,0
1998-06-29 22:03:00,22364,79378570,0
1998-06-29 22:04:00,23061,81094447,0
1998-06-29 22:05:00,24600,82727773,0
1998-06-29 22:06:00,23970,85519432,0
1998-06-29 22:07:00,24959,81001133,0
1998-06-29 22:08:00,24173,78908238,0
1998-06-29 22:09:00,23960,80202675,0
1998-06-29 22:10:00,23710,83873628,0
1998-06-29 22:11:00,23232,83482056,0
1998-06-29 22:12:00,23170,80076607,0
1998-06-29 22:13:00,24164,85928663,0
1998-06-29 22:14:00,23949,82150483,0
1998-06-29 22:15:00,23665,83839871,0
1998-06-29 22:16:00,23405,83495534,0
1998-06-29 22:17:00,23677,81520955,0
1998-06-29 22:18:00,23417,81878196,0
1998-06-29 22:19:00,22704,89656521,0
1998-06-29 22:20:00,22330,93305625,0
1998-06-29 22:21:00,23517,77522390,0
1998-06-29 22:22:00,23310,82111059,0
1998-06-29 22:23:00,22255,76916680,0
1998-06-29 22:24:00,21718,97804672,0
1998-06-29 22:25:00,21883,77662900,0
1998-06-29 22:26:00,22896,79719521,0
1998-06-29 22:27:00,22451,77914164,0
1998-06-29 22:28:00,21688,78288810,0
1998-06-29 22:29:00,22819,72617234,0
1998-06-29 22:30:00,22284,78950089,0
1998-06-29 22:31:00,19998,72883051,0
1998-06-29 22:32:00,20594,74939884,0
1998-06-29 22:33:00,21368,73245038,0
1998-06-29 22:34:00,21708,74746268,0
1998-06-29 22:35:00,21332,77956453,0
1998-06-29 22:36:00,21220,68755225,0
1998-06-29 22:37:00,20698,73300054,0
1998-06-29 22:38:00,20652,80433414,0
1998-06-29 22:39:00,21228,75565180,0
1998-06-29 22:40:00,21405,73700705,0
1998-06-29 22:41:00,21654,78260973,0
1998-06-29 22:42:00,22529,76667674,0
1998-06-29 22:43:00,19572,88109402,0
1998-06-29 22:44:00,19969,73584249,0
1998-06-29 22:45:00,20980,73462651,0
1998-06-29 22:46:00,22147,77115635,0
1998-06-29 22:47:00,20617,73347308,0
1998-06-29 22:48:00,20917,75833515,0
1998-06-29 22:49:00,20694,68612412,0
1998-06-29 22:50:00,20270,69849152,0
1998-06-29 22:51:00,20396,68547180,0
1998-06-29 22:52:00,22042,73809042,0
1998-06-29 22:53:00,21175,76828301,0
1998-06-29 22:54:00,20557,83042658,0
1998-06-29 22:55:00,20813,76539216,0
1998-06-29 22:56:00,20535,73351803,0
1998-06-29 22:57:00,19401,69916860,0
1998-06-29 22:58:00,19486,71456999,0
1998-06-29 22:59:00,20921,74542371,0
1998-06-29 23:00:00,20378,72054716,0
1998-06-29 23:01:00,19684,71107308,0
1998-06-29 23:02:00,20005,86885380,0
1998-06-29 23:03:00,20285,74536916,0
1998-06-29 23:04:00,21107,68782520,0
1998-06-29 23:05:00,20964,71986760,0
1998-06-29 23:06:00,20387,66859754,0
1998-06-29 23:07:00,19906,72602295,0
1998-06-29 23:08:00,19621,63673052,0
1998-06-29 23:09:00,20251,77587554,0
1998-06-29 23:10:00,20072,68432989,0
1998-06-29 23:11:00,19795,63001647,0
1998-06-29 23:12:00,19774,70917028,0
1998-06-29 23:13:00,20308,76166039,0
1998-06-29 23:14:00,19347,70056335,0
1998-06-29 23:15:00,18955,69496814,0
1998-06-29 23:16:00,19879,67797191,0
1998-06-29 23:17:00,19312,70391952,0
1998-06-29 23:18:00,20350,66673272,0
1998-06-29 23:19:00,19962,69012061,0
1998-06-29 23:20:00,20489,71374808,0
1998-06-29 23:21:00,19938,69133227,0
1998-06-29 23:22:00,20563,69157523,0
1998-06-29 23:23:00,19076,68129930,0
1998-06-29 23:24:00,18114,64699643,0
1998-06-29 23:25:00,19140,65561514,0
1998-06-29 23:26:00,19864,69949629,0
1998-06-29 23:27:00,18843,70612405,0
1998-06-29 23:28:00,20428,67490503,0
1998-06-29 23:29:00,19461,71078728,0
1998-06-29 23:30:00,18955,60751896,0
1998-06-29 23:31:00,19564,65901388,0
1998-06-29 23:32:00,18540,59962051,0
1998-06-29 23:33:00,18793,66768265,0
1998-06-29 23:34:00,18204,64861587,0
1998-06-29 23:35:00,17566,61422664,0
1998-06-29 23:36:00,17387,59806099,0
1998-06-29 23:37:00,18265,69684675,0
1998-06-29 23:38:00,18239,68664403,0
1998-06-29 23:39:00,18697,66019451,0
1998-06-29 23:40:00,19314,71568594,0
1998-06-29 23:41:00,19747,68653312,0
1998-06-29 23:42:00,18761,63846344,0
1998-06-29 23:43:00,19785,66502510,0
1998-06-29 23:44:00,19144,67262868,0
1998-06-29 23:45:00,19298,66901089,0
1998-06-29 23:46:00,18473,61496409,0
1998-06-29 23:47:00,17922,67778929,0
1998-06-29 23:48:00,19090,65981397,0
1998-06-29 23:49:00,18625,68024084,0
1998-06-29 23:50:00,18850,63897245,0
1998-06-29 23:51:00,19772,69376156,0
1998-06-29 23:52:00,20177,66470318,0
1998-06-29 23:53:00,20453,67399245,0
1998-06-29 23:54:00,19402,64244312,0
1998-06-29 23:55:00,20429,66812292,0
1998-06-29 23:56:00,19718,68617448,0
1998-06-29 23:57:00,18018,61990354,0
1998-06-29 23:58:00,18465,71010734,0
1998-06-29 23:59:00,19644,70623959,0
1998-06-30 00:00:00,17613,62404372,0
1998-06-30 00:01:00,17782,59937960,0
1998-06-30 00:02:00,19058,79395437,0
1998-06-30 00:03:00,20033,72818906,0
1998-06-30 00:04:00,21336,74524782,0
1998-06-30 00:05:00,20463,69761852,0
1998-06-30 00:06:00,19423,74666215,0
1998-06-30 00:07:00,18798,65948891,0
1998-06-30 00:08:00,19004,66065862,0
1998-06-30 00:09:00,20503,75211103,0
1998-06-30 00:10:00,19826,67168153,0
1998-06-30 00:11:00,18993,69549435,0
1998-06-30 00:12:00,19727,61963675,0
1998-06-30 00:13:00,18186,61512738,0
1998-06-30 00:14:00,18291,61446426,0
1998-06-30 00:15:00,19778,71894602,0
1998-06-30 00:16:00,20245,66193217,0
1998-06-30 00:17:00,20438,65590381,0
1998-06-30 00:18:00,19889,81871556,0
1998-06-30 00:19:00,18156,61617168,0
1998-06-30 00:20:00,19810,66044266,0
1998-06-30 00:21:00,19921,64877686,0
1998-06-30 00:22:00,19235,66770424,0
1998-06-30 00:23:00,19878,68414802,0
1998-06-30 00:24:00,19077,63971981,0
1998-06-30 00:25:00,19882,72170457,0
1998-06-30 00:26:00,19480,71840278,0
1998-06-30 00:27:00,19069,67565329,0
1998-06-30 00:28:00,20112,73450583,0
1998-06-30 00:29:00,18453,66287184,0
1998-06-30 00:30:00,19021,70357974,0
1998-06-30 00:31:00,18779,69225719,0
1998-06-30 00:32:00,18837,66622688,0
1998-06-30 00:33:00,19754,74479536,0
1998-06-30 00:34:00,20587,70817172,0
1998-06-30 00:35:00,20513,71077657,0
1998-06-30 00:36:00,20250,72584827,0
1998-06-30 00:37:00,19637,64752773,0
1998-06-30 00:38:00,19073,75397720,0
1998-06-30 00:39:00,19542,74609980,0
1998-06-30 00:40:00,18951,77522609,0
1998-06-30 00:41:00,19263,69556962,0
1998-06-30 00:42:00,17628,64700389,0
1998-06-30 00:43:00,17829,63777220,0
1998-06-30 00:44:00,18776,64229840,0
1998-06-30 00:45:00,19089,68269376,0
1998-06-30 00:46:00,18893,64599608,0
1998-06-30 00:47:00,18152,69367305,0
1998-06-30 00:48:00,18812,67899143,0
1998-06-30 00:49:00,18741,68876678,0
1998-06-30 00:50:00,19267,66547102,0
1998-06-30 00:51:00,18886,67203188,0
1998-06-30 00:52:00,19287,70551401,0
1998-06-30 00:53:00,19197,64802613,0
1998-06-30 00:54:00,17863,64358498,0
1998-06-30 00:55:00,18538,72065991,0
1998-06-30 00:56:00,19340,66922829,0
1998-06-30 00:57:00,18537,67786429,0
1998-06-30 00:58:00,17522,62817073,0
1998-06-30 00:59:00,18951,71911316,0
1998-06-30 01:00:00,18474,70853650,0
1998-06-30 01:01:00,19436,73870682,0
1998-06-30 01:02:00,19254,70160683,0
1998-06-30 01:03:00,19354,64951529,0
1998-06-30 01:04:00,19383,68055483,0
1998-06-30 01:05:00,18272,68749951,0
1998-06-30 01:06:00,17748,65957265,0
1998-06-30 01:07:00,18146,64354704,0
1998-06-30 01:08:00,18255,66244512,0
1998-06-30 01:09:00,18292,69077865,0
1998-06-30 01:10:00,17713,72517108,0
1998-06-30 01:11:00,17220,60339929,0
1998-06-30 01:12:00,19086,71392823,0
1998-06-30 01:13:00,18201,66999589,0
1998-06-30 01:14:00,17548,62292980,0
1998-06-30 01:15:00,18168,62197494,0
1998-06-30 01:16:00,18287,69102224,0
1998-06-30 01:17:00,17484,64243847,0
1998-06-30 01:18:00,17689,62710265,0
1998-06-30 01:19:00,18007,62722083,0
1998-06-30 01:20:00,18113,67660361,0
1998-06-30 01:21:00,18709,64441301,0
1998-06-30 01:22:00,19076,64977424,0
1998-06-30 01:23:00,18092,60989128,0
1998-06-30 01:24:00,17298,62521450,0
1998-06-30 01:25:00,15200,59743050,0
1998-06-30 01:26:00,15754,57310732,0
1998-06-30 01:27:00,16077,60450293,0
1998-06-30 01:28:00,16987,73712134,0
1998-06-30 01:29:00,16401,59121864,0
1998-06-30 01:30:00,16864,66170878,0
1998-06-30 01:31:00,17506,64147011,0
1998-06-30 01:32:00,17062,81998635,0
1998-06-30 01:33:00,16867,62192887,0
1998-06-30 01:34:00,16310,67743793,0
1998-06-30 01:35:00,15950,62782530,0
1998-06-30 01:36:00,16135,62488450,0
1998-06-30 01:37:00,16836,59991481,0
1998-06-30 01:38:00,16045,63907696,0
1998-06-30 01:39:00,16781,61298419,0
1998-06-30 01:40:00,17142,66322036,0
1998-06-30 01:41:00,16136,61936602,0
1998-06-30 01:42:00,15696,58390696,0
1998-06-30 01:43:00,15357,64523995,0
1998-06-30 01:44:00,16344,63786688,1
1998-06-30 01:45:00,16294,56012169,1
1998-06-30 01:46:00,16287,58154123,1
1998-06-30 01:47:00,15719,56535341,1
1998-06-30 01:48:00,15626,62900629,1
1998-06-30 01:49:00,15367,52286771,1
1998-06-30 01:50:00,15193,62708942,1
1998-06-30 01:51:00,15373,58619966,1
1998-06-30 01:52:00,14821,54321101,1
1998-06-30 01:53:00,16342,58761171,1
1998-06-30 01:54:00,15097,64707247,1
1998-06-30 01:55:00,15567,62226609,1
1998-06-30 01:56:00,15585,59774775,1
1998-06-30 01:57:00,16724,61584994,1
1998-06-30 01:58:00,16735,56467740,1
1998-06-30 01:59:00,16631,61921754,1
1998-06-30 02:00:00,16452,57674207,1
1998-06-30 02:01:00,14911,57546996,1
1998-06-30 02:02:00,15016,59339903,1
1998-06-30 02:03:00,15571,61873270,1
1998-06-30 02:04:00,15883,57565776,1
1998-06-30 02:05:00,16073,59635318,1
1998-06-30 02:06:00,16830,68559486,1
1998-06-30 02:07:00,16065,64128635,1
1998-06-30 02:08:00,16876,61675563,1
1998-06-30 02:09:00,15973,61356782,1
1998-06-30 02:10:00,16046,53852295,1
1998-06-30 02:11:00,15543,57343296,1
1998-06-30 02:12:00,15558,66174421,1
1998-06-30 02:13:00,15610,71028151,1
1998-06-30 02:14:00,15339,55076216,1
1998-06-30 02:15:00,15395,62686206,1
1998-06-30 02:16:00,15267,67960876,1
1998-06-30 02:17:00,15696,59979660,1
1998-06-30 02:18:00,14631,56066549,1
1998-06-30 02:19:00,14293,59104684,1
1998-06-30 02:20:00,14181,60398625,1
1998-06-30 02:21:00,14263,55201750,1
1998-06-30 02:22:00,14653,60460723,1
1998-06-30 02:23:00,14726,57388101,1
1998-06-30 02:24:00,13962,68488507,1
1998-06-30 02:25:00,13884,54895714,1
1998-06-30 02:26:00,15126,52766810,1
1998-06-30 02:27:00,14985,54356949,1
1998-06-30 02:28:00,15096,55330813,1
1998-06-30 02:29:00,15084,56021284,1
1998-06-30 02:30:00,14403,64670737,1
1998-06-30 02:31:00,14742,59030882,1
1998-06-30 02:32:00,15441,51058262,1
1998-06-30 02:33:00,14220,52136333,1
1998-06-30 02:34:00,14094,55969309,1
1998-06-30 02:35:00,14278,55066952,1
1998-06-30 02:36:00,14766,58191513,1
1998-06-30 02:37:00,14688,58953102,1
1998-06-30 02:38:00,14264,52366993,1
1998-06-30 02:39:00,15086,54896178,1
1998-06-30 02:40:00,15168,56193460,1
1998-06-30 02:41:00,14962,50706293,1
1998-06-30 02:42:00,14342,64062213,1
1998-06-30 02:43:00,14410,59135304,1
1998-06-30 02:44:00,14970,57187297,1
1998-06-30 02:45:00,14784,57501330,1
1998-06-30 02:46:00,14298,54975617,1
1998-06-30 02:47:00,13743,53607793,1
1998-06-30 02:48:00,14313,52713157,1
1998-06-30 02:49:00,13813,46591055,1
1998-06-30 02:50:00,14355,51850144,1
1998-06-30 02:51:00,13503,54604907,1
1998-06-30 02:52:00,14754,57239962,1
1998-06-30 02:53:00,14553,58568929,1
1998-06-30 02:54:00,14665,56480395,1
1998-06-30 02:55:00,14367,47656441,1
1998-06-30 02:56:00,13475,52283291,1
1998-06-30 02:57:00,13025,47563798,1
1998-06-30 02:58:00,14493,55655790,1
1998-06-30 02:59:00,14214,48179696,1
1998-06-30 03:00:00,14223,57129394,1
1998-06-30 03:01:00,15543,61498657,1
1998-06-30 03:02:00,15339,55823772,1
1998-06-30 03:03:00,13731,58016417,1
1998-06-30 03:04:00,16199,59862907,1
1998-06-30 03:05:00,15170,52269245,1
1998-06-30 03:06:00,14530,53072242,1
1998-06-30 03:07:00,13750,49755288,1
1998-06-30 03:08:00,13602,59332293,1
1998-06-30 03:09:00,14413,66723762,1
1998-06-30 03:10:00,14520,53515566,1
1998-06-30 03:11:00,14324,55480968,1
1998-06-30 03:12:00,13879,52520023,1
1998-06-30 03:13:00,13704,61616536,1
1998-06-30 03:14:00,14656,61102808,1
1998-06-30 03:15:00,14683,55448360,1
1998-06-30 03:16:00,13953,56235782,1
1998-06-30 03:17:00,14524,58386785,1
1998-06-30 03:18:00,14280,60172679,1
1998-06-30 03:19:00,14734,55869308,1
1998-06-30 03:20:00,13548,53740742,1
1998-06-30 03:21:00,13367,57003407,1
1998-06-30 03:22:00,13204,51793999,1
1998-06-30 03:23:00,14504,52565898,1
1998-06-30 03:24:00,15031,51255890,1
1998-06-30 03:25:00,14799,53343050,1
1998-06-30 03:26:00,14293,55973264,1
1998-06-30 03:27:00,14006,51939355,1
1998-06-30 03:28:00,14347,50198243,1
1998-06-30 03:29:00,14348,52134710,1
1998-06-30 03:30:00,14561,59483338,1
1998-06-30 03:31:00,15755,58855608,1
1998-06-30 03:32:00,14661,62784999,1
1998-06-30 03:33:00,14038,56391465,1
1998-06-30 03:34:00,13695,58185361,1
1998-06-30 03:35:00,14288,55405068,1
1998-06-30 03:36:00,14539,57631971,1
1998-06-30 03:37:00,13631,52909465,1
1998-06-30 03:38:00,13221,53878428,1
1998-06-30 03:39:00,13931,53544824,1
1998-06-30 03:40:00,14874,62998026,1
1998-06-30 03:41:00,14561,53907068,1
1998-06-30 03:42:00,13437,52206087,1
1998-06-30 03:43:00,13552,54936947,1
1998-06-30 03:44:00,15221,60159739,1
1998-06-30 03:45:00,14846,58606087,0
1998-06-30 03:46:00,14398,65390771,0
1998-06-30 03:47:00,14277,54341094,0
1998-06-30 03:48:00,13837,54100578,0
1998-06-30 03:49:00,13481,54378176,0
1998-06-30 03:50:00,14107,51849558,0
1998-06-30 03:51:00,14011,53210878,0
1998-06-30 03:52:00,13503,62476287,0
1998-06-30 03:53:00,13694,60700262,0
1998-06-30 03:54:00,14642,51128199,0
1998-06-30 03:55:00,14948,55295518,0
1998-06-30 03:56:00,13953,55949127,0
1998-06-30 03:57:00,13704,56426392,0
1998-06-30 03:58:00,14228,58104141,0
1998-06-30 03:59:00,14045,53395466,0
1998-06-30 04:00:00,14240,59149637,0
1998-06-30 04:01:00,14270,51006834,0
1998-06-30 04:02:00,14565,54225885,0
1998-06-30 04:03:00,13302,50906403,0
1998-06-30 04:04:00,13204,56737784,0
1998-06-30 04:05:00,13403,56598112,0
1998-06-30 04:06:00,13428,56190556,0
1998-06-30 04:07:00,13270,49353676,0
1998-06-30 04:08:00,13492,56834599,0
1998-06-30 04:09:00,13839,52033044,0
1998-06-30 04:10:00,13425,50862821,0
1998-06-30 04:11:00,11998,56761486,0
1998-06-30 04:12:00,12874,59520908,0
1998-06-30 04:13:00,13461,56853190,0
1998-06-30 04:14:00,12672,51074726,0
1998-06-30 04:15:00,12284,48723592,0
1998-06-30 04:16:00,12808,47077141,0
1998-06-30 04:17:00,12914,49615527,0
1998-06-30 04:18:00,13231,56650076,0
1998-06-30 04:19:00,12885,49927992,0
1998-06-30 04:20:00,13123,58971415,0
1998-06-30 04:21:00,13615,56252114,0
1998-06-30 04:22:00,13259,52275727,0
1998-06-30 04:23:00,12511,51187982,0
1998-06-30 04:24:00,11928,48459946,0
1998-06-30 04:25:00,12032,50433794,0
1998-06-30 04:26:00,12013,47226394,0
1998-06-30 04:27:00,12193,44845847,0
1998-06-30 04:28:00,11700,46951718,0
1998-06-30 04:29:00,12378,56143593,0
1998-06-30 04:30:00,13107,57982169,0
1998-06-30 04:31:00,12944,60710981,0
1998-06-30 04:32:00,12674,45362700,0
1998-06-30 04:33:00,13191,55092090,0
1998-06-30 04:34:00,12875,58352530,0
1998-06-30 04:35:00,12279,59916689,0
1998-06-30 04:36:00,12375,47391370,0
1998-06-30 04:37:00,12664,47306349,0
1998-06-30 04:38:00,12998,49470588,0
1998-06-30 04:39:00,12266,46829972,0
1998-06-30 04:40:00,12223,49866217,0
1998-06-30 04:41:00,11723,48096442,0
1998-06-30 04:42:00,11750,48116424,0
1998-06-30 04:43:00,12496,52639477,0
1998-06-30 04:44:00,12539,55490042,0
1998-06-30 04:45:00,12614,54237648,0
1998-06-30 04:46:00,12325,56094561,0
1998-06-30 04:47:00,12299,49822826,0
1998-06-30 04:48:00,12168,49891373,0
1998-06-30 04:49:00,12858,54237922,0
1998-06-30 04:50:00,13022,62068085,0
1998-06-30 04:51:00,12284,49537142,0
1998-06-30 04:52:00,12907,51505627,0
1998-06-30 04:53:00,12346,48687335,0
1998-06-30 04:54:00,11987,51996437,0
1998-06-30 04:55:00,11216,46498153,0
1998-06-30 04:56:00,10820,46133334,0
1998-06-30 04:57:00,11183,47827008,0
1998-06-30 04:58:00,11843,47246525,0
1998-06-30 04:59:00,12083,46267381,0
1998-06-30 05:00:00,12018,45159140,0
1998-06-30 05:01:00,11619,48066680,0
1998-06-30 05:02:00,12108,52477940,0
1998-06-30 05:03:00,12522,45715466,0
1998-06-30 05:04:00,12231,51246960,0
1998-06-30 05:05:00,11067,54119130,0
1998-06-30 05:06:00,11783,51290500,0
1998-06-30 05:07:00,12335,50793270,0
1998-06-30 05:08:00,11922,50990755,0
1998-06-30 05:09:00,13204,55924111,0
1998-06-30 05:10:00,12573,53230905,0
1998-06-30 05:11:00,12989,50738759,0
1998-06-30 05:12:00,12516,57903755,0
1998-06-30 05:13:00,12481,51393329,0
1998-06-30 05:14:00,12915,45343248,0
1998-06-30 05:15:00,12314,48410099,0
1998-06-30 05:16:00,13193,54574749,0
1998-06-30 05:17:00,12760,51812545,0
1998-06-30 05:18:00,12937,53454583,0
1998-06-30 05:19:00,12474,50478620,0
1998-06-30 05:20:00,12460,50851652,0
1998-06-30 05:21:00,12592,42385407,0
1998-06-30 05:22:00,12195,45159322,0
1998-06-30 05:23:00,12019,45426345,0
1998-06-30 05:24:00,11908,44772605,0
1998-06-30 05:25:00,11813,48579462,0
1998-06-30 05:26:00,12739,47660139,0
1998-06-30 05:27:00,12606,47385936,0
1998-06-30 05:28:00,12236,50966591,0
1998-06-30 05:29:00,11906,55247824,0
1998-06-30 05:30:00,12827,49531393,0
1998-06-30 05:31:00,14063,48048978,0
1998-06-30 05:32:00,14062,61946311,0
1998-06-30 05:33:00,14228,51152245,0
1998-06-30 05:34:00,14253,57844197,0
1998-06-30 05:35:00,13533,54553573,0
1998-06-30 05:36:00,12779,55776212,0
1998-06-30 05:37:00,12660,55848479,0
1998-06-30 05:38:00,13229,64330489,0
1998-06-30 05:39:00,13654,49550544,0
1998-06-30 05:40:00,13288,62190735,0
1998-06-30 05:41:00,13636,57625430,0
1998-06-30 05:42:00,12519,53696886,0
1998-06-30 05:43:00,13723,51066892,0
1998-06-30 05:44:00,13355,53282768,0
1998-06-30 05:45:00,13585,51894238,0
1998-06-30 05:46:00,13809,54448171,0
1998-06-30 05:47:00,13173,58870150,0
1998-06-30 05:48:00,12771,58941395,0
1998-06-30 05:49:00,12673,44957037,0
1998-06-30 05:50:00,13890,50363703,0
1998-06-30 05:51:00,14675,56336295,0
1998-06-30 05:52:00,15366,59591279,0
1998-06-30 05:53:00,14004,56990800,0
1998-06-30 05:54:00,13415,57357171,0
1998-06-30 05:55:00,13810,54003608,0
1998-06-30 05:56:00,14020,55622168,0
1998-06-30 05:57:00,13885,58064853,0
1998-06-30 05:58:00,13592,56569186,0
1998-06-30 05:59:00,13282,54384905,0
1998-06-30 06:00:00,14573,55734327,0
1998-06-30 06:01:00,14632,55294817,0
1998-06-30 06:02:00,14358,59347163,0
1998-06-30 06:03:00,15017,65348447,0
1998-06-30 06:04:00,14879,72079375,0
1998-06-30 06:05:00,15335,65103902,0
1998-06-30 06:06:00,16091,62115011,0
1998-06-30 06:07:00,15343,57875461,0
1998-06-30 06:08:00,15223,69337203,0
1998-06-30 06:09:00,15343,74119395,0
1998-06-30 06:10:00,15526,66892803,0
1998-06-30 06:11:00,15684,60477471,0
1998-06-30 06:12:00,15983,51001198,0
1998-06-30 06:13:00,14974,61530936,0
1998-06-30 06:14:00,14806,59542124,1
1998-06-30 06:15:00,15282,53619691,1
1998-06-30 06:16:00,14696,62979657,1
1998-06-30 06:17:00,14494,57895039,1
1998-06-30 06:18:00,14520,62192118,1
1998-06-30 06:19:00,15175,64244548,1
1998-06-30 06:20:00,15269,59795448,1
1998-06-30 06:21:00,15407,68385702,1
1998-06-30 06:22:00,15486,68906463,1
1998-06-30 06:23:00,15650,71107608,1
1998-06-30 06:24:00,15601,67890300,1
1998-06-30 06:25:00,15952,65610872,1
1998-06-30 06:26:00,14898,58756388,1
1998-06-30 06:27:00,14580,58908939,1
1998-06-30 06:28:00,15684,62587765,1
1998-06-30 06:29:00,14265,52539550,1
1998-06-30 06:30:00,14120,58708033,1
1998-06-30 06:31:00,14735,57868460,1
1998-06-30 06:32:00,15767,84686904,1
1998-06-30 06:33:00,15850,62771190,1
1998-06-30 06:34:00,15468,69439314,1
1998-06-30 06:35:00,15986,62159432,1
1998-06-30 06:36:00,15841,64887046,1
1998-06-30 06:37:00,15835,68504630,1
1998-06-30 06:38:00,16587,64981279,1
1998-06-30 06:39:00,16636,57432761,1
1998-06-30 06:40:00,16662,65248670,1
1998-06-30 06:41:00,16437,64121377,1
1998-06-30 06:42:00,17051,65599738,1
1998-06-30 06:43:00,16762,74172269,1
1998-06-30 06:44:00,17086,104305013,1
1998-06-30 06:45:00,15955,80848852,1
1998-06-30 06:46:00,16219,65653213,1
1998-06-30 06:47:00,17952,74456690,1
1998-06-30 06:48:00,16735,66079282,1
1998-06-30 06:49:00,15115,60063316,1
1998-06-30 06:50:00,15933,61651392,1
1998-06-30 06:51:00,15763,63901939,1
1998-06-30 06:52:00,16998,74388825,1
1998-06-30 06:53:00,17659,71713297,1
1998-06-30 06:54:00,16308,61640422,1
1998-06-30 06:55:00,14960,61436689,1
1998-06-30 06:56:00,16282,60742123,1
1998-06-30 06:57:00,16135,59916481,1
1998-06-30 06:58:00,16530,66822101,1
1998-06-30 06:59:00,15946,66739286,1
1998-06-30 07:00:00,15747,67235270,1
1998-06-30 07:01:00,16528,61539513,1
1998-06-30 07:02:00,15820,74254928,1
1998-06-30 07:03:00,15324,66743451,1
1998-06-30 07:04:00,16476,67724410,1
1998-06-30 07:05:00,15768,62990283,1
1998-06-30 07:06:00,16282,58716565,1
1998-06-30 07:07:00,16751,72694165,1
1998-06-30 07:08:00,16750,58699248,1
1998-06-30 07:09:00,15857,70895185,1
1998-06-30 07:10:00,16704,64616258,1
1998-06-30 07:11:00,16563,65673431,1
1998-06-30 07:12:00,15673,61857034,1
1998-06-30 07:13:00,15343,59701999,1
1998-06-30 07:14:00,15820,62374803,1
1998-06-30 07:15:00,16083,54465173,1
1998-06-30 07:16:00,16454,59336457,1
1998-06-30 07:17:00,15549,56066179,1
1998-06-30 07:18:00,15462,65527225,1
1998-06-30 07:19:00,15818,57806796,1
1998-06-30 07:20:00,15288,59466971,1
1998-06-30 07:21:00,16248,61975648,1
1998-06-30 07:22:00,16924,63467109,1
1998-06-30 07:23:00,16022,70397980,1
1998-06-30 07:24:00,16191,67623470,1
1998-06-30 07:25:00,16986,62980765,1
1998-06-30 07:26:00,16798,66675580,1
1998-06-30 07:27:00,16411,73069829,1
1998-06-30 07:28:00,16067,62177181,1
1998-06-30 07:29:00,15560,58749980,1
1998-06-30 07:30:00,16330,69032148,1
1998-06-30 07:31:00,16382,66063023,1
1998-06-30 07:32:00,16321,70501017,1
1998-06-30 07:33:00,16217,65424625,1
1998-06-30 07:34:00,16071,59028108,1
1998-06-30 07:35:00,15842,67344478,1
1998-06-30 07:36:00,15528,62527352,1
1998-06-30 07:37:00,15699,62057386,1
1998-06-30 07:38:00,17002,67850379,1
1998-06-30 07:39:00,17702,76504647,1
1998-06-30 07:40:00,16927,69533582,1
1998-06-30 07:41:00,16984,64790150,1
1998-06-30 07:42:00,16616,70803620,1
1998-06-30 07:43:00,16706,61216339,1
1998-06-30 07:44:00,16938,65991559,1
1998-06-30 07:45:00,16272,63975441,1
1998-06-30 07:46:00,16390,66712393,1
1998-06-30 07:47:00,17092,70207816,1
1998-06-30 07:48:00,17080,64514850,1
1998-06-30 07:49:00,15988,62399725,1
1998-06-30 07:50:00,15305,67646660,1
1998-06-30 07:51:00,15123,61468537,1
1998-06-30 07:52:00,15644,65320316,1
1998-06-30 07:53:00,15563,66609801,1
1998-06-30 07:54:00,16612,59649386,1
1998-06-30 07:55:00,15753,56950901,1
1998-06-30 07:56:00,15171,57283891,1
1998-06-30 07:57:00,15610,67559452,1
1998-06-30 07:58:00,15108,73586658,1
1998-06-30 07:59:00,15417,61874623,1
1998-06-30 08:00:00,16307,56723971,1
1998-06-30 08:01:00,16146,59490116,1
1998-06-30 08:02:00,15246,58143417,1
1998-06-30 08:03:00,16140,58805708,1
1998-06-30 08:04:00,15856,67315393,1
1998-06-30 08:05:00,16886,62554058,1
1998-06-30 08:06:00,16915,69970987,1
1998-06-30 08:07:00,16182,75734183,1
1998-06-30 08:08:00,16674,68919549,1
1998-06-30 08:09:00,16554,67284954,1
1998-06-30 08:10:00,16727,65799776,1
1998-06-30 08:11:00,16137,67680663,1
1998-06-30 08:12:00,14341,61912558,1
1998-06-30 08:13:00,14086,59071957,1
1998-06-30 08:14:00,14335,72059143,1
1998-06-30 08:15:00,15670,65970203,0
1998-06-30 08:16:00,15894,56046783,0
1998-06-30 08:17:00,16244,67845496,0
1998-06-30 08:18:00,15868,64194628,0
1998-06-30 08:19:00,15210,61784190,0
1998-06-30 08:20:00,15888,68499812,0
1998-06-30 08:21:00,14897,57360232,0
1998-06-30 08:22:00,15145,56652873,0
1998-06-30 08:23:00,15170,65283399,0
1998-06-30 08:24:00,15525,63401669,0
1998-06-30 08:25:00,15290,56141052,0
1998-06-30 08:26:00,15148,64254721,0
1998-06-30 08:27:00,15529,68663585,0
1998-06-30 08:28:00,15144,62981727,0
1998-06-30 08:29:00,14763,63517227,0
1998-06-30 08:30:00,14859,58930259,0
1998-06-30 08:31:00,15020,61805252,0
1998-06-30 08:32:00,15729,64275857,0
1998-06-30 08:33:00,16380,63565136,0
1998-06-30 08:34:00,15059,58249340,0
1998-06-30 08:35:00,14790,61969612,0
1998-06-30 08:36:00,15162,63727883,0
1998-06-30 08:37:00,16120,67097935,0
1998-06-30 08:38:00,15767,62762263,0
1998-06-30 08:39:00,15076,60121184,0
1998-06-30 08:40:00,15234,60001988,0
1998-06-30 08:41:00,14918,65796260,0
1998-06-30 08:42:00,15458,67809169,0
1998-06-30 08:43:00,16902,68813567,0
1998-06-30 08:44:00,16733,63192247,0
1998-06-30 08:45:00,15529,63031126,0
1998-06-30 08:46:00,16228,73456908,0
1998-06-30 08:47:00,16403,64606459,0
1998-06-30 08:48:00,16085,63066546,0
1998-06-30 08:49:00,16543,68480856,0
1998-06-30 08:50:00,16265,65519069,0
1998-06-30 08:51:00,15923,66273323,0
1998-06-30 08:52:00,15716,67221590,0
1998-06-30 08:53:00,15570,61743983,0
1998-06-30 08:54:00,15116,67289463,0
1998-06-30 08:55:00,15808,58635830,0
1998-06-30 08:56:00,16235,69386583,0
1998-06-30 08:57:00,16976,69808643,0
1998-06-30 08:58:00,16631,66333263,0
1998-06-30 08:59:00,16796,65512247,0
1998-06-30 09:00:00,16804,71370081,0
1998-06-30 09:01:00,16179,62578598,0
1998-06-30 09:02:00,15643,71402645,0
1998-06-30 09:03:00,15777,67045253,0
1998-06-30 09:04:00,15904,73367083,0
1998-06-30 09:05:00,15680,59259525,0
1998-06-30 09:06:00,15869,60598546,0
1998-06-30 09:07:00,15516,64311088,0
1998-06-30 09:08:00,15553,60627803,0
1998-06-30 09:09:00,16545,65815162,0
1998-06-30 09:10:00,16137,64532492,0
1998-06-30 09:11:00,15267,60784674,0
1998-06-30 09:12:00,15516,55897584,0
1998-06-30 09:13:00,16028,68788988,0
1998-06-30 09:14:00,15753,71857202,0
1998-06-30 09:15:00,15563,74210419,0
1998-06-30 09:16:00,16460,74325727,0
1998-06-30 09:17:00,15821,72439020,0
1998-06-30 09:18:00,16504,71713553,0
1998-06-30 09:19:00,16148,66603396,0
1998-06-30 09:20:00,15658,61824134,0
1998-06-30 09:21:00,16286,70416054,0
1998-06-30 09:22:00,15145,66437775,0
1998-06-30 09:23:00,16113,64738096,0
1998-06-30 09:24:00,16717,64881750,0
1998-06-30 09:25:00,17063,72897317,0
1998-06-30 09:26:00,17319,70514006,0
1998-06-30 09:27:00,16764,61427839,0
1998-06-30 09:28:00,17041,68187004,0
1998-06-30 09:29:00,16533,66603993,0
1998-06-30 09:30:00,15827,68386532,0
1998-06-30 09:31:00,15884,67401407,0
1998-06-30 09:32:00,15310,59717823,0
1998-06-30 09:33:00,15720,55879955,0
1998-06-30 09:34:00,15052,64867169,0
1998-06-30 09:35:00,15003,68935598,0
1998-06-30 09:36:00,16281,71334140,0
1998-06-30 09:37:00,16210,58682462,0
1998-06-30 09:38:00,15738,60912117,0
1998-06-30 09:39:00,16013,60859470,0
1998-06-30 09:40:00,15463,62769118,0
1998-06-30 09:41:00,15670,65898107,0
1998-06-30 09:42:00,16455,61754305,0
1998-06-30 09:43:00,16286,63413763,0
1998-06-30 09:44:00,15124,65274893,0
1998-06-30 09:45:00,15717,65396676,0
1998-06-30 09:46:00,16216,62713769,0
1998-06-30 09:47:00,15284,73327892,0
1998-06-30 09:48:00,16417,65320164,0
1998-06-30 09:49:00,16035,65941758,0
1998-06-30 09:50:00,15468,62702795,0
1998-06-30 09:51:00,15662,61397595,0
1998-06-30 09:52:00,16196,69147566,0
1998-06-30 09:53:00,15700,68407170,0
1998-06-30 09:54:00,16428,60733164,0
1998-06-30 09:55:00,16435,65607864,0
1998-06-30 09:56:00,16836,73705153,0
1998-06-30 09:57:00,15975,79624645,0
1998-06-30 09:58:00,16604,75891113,0
1998-06-30 09:59:00,15695,67690472,0
1998-06-30 10:00:00,15576,66388321,0
1998-06-30 10:01:00,15297,63115835,0
1998-06-30 10:02:00,15354,74380219,0
1998-06-30 10:03:00,15450,66743256,0
1998-06-30 10:04:00,14999,60153709,0
1998-06-30 10:05:00,15385,59643120,0
1998-06-30 10:06:00,16099,66022103,0
1998-06-30 10:07:00,16075,62750531,0
1998-06-30 10:08:00,16246,58491833,0
1998-06-30 10:09:00,16505,62293196,0
1998-06-30 10:10:00,16329,60177733,0
1998-06-30 10:11:00,16717,64756459,0
1998-06-30 10:12:00,15356,58446926,0
1998-06-30 10:13:00,15381,70546776,0
1998-06-30 10:14:00,15767,59293894,0
1998-06-30 10:15:00,14673,68316171,0
1998-06-30 10:16:00,15869,72186559,0
1998-06-30 10:17:00,15916,81134933,0
1998-06-30 10:18:00,15648,58695898,0
1998-06-30 10:19:00,15222,68357568,0
1998-06-30 10:20:00,16534,71630209,0
1998-06-30 10:21:00,16066,72337805,0
1998-06-30 10:22:00,16702,75850577,0
1998-06-30 10:23:00,17127,86844060,0
1998-06-30 10:24:00,16601,84218899,0
1998-06-30 10:25:00,16996,71758926,0
1998-06-30 10:26:00,17189,76395717,0
1998-06-30 10:27:00,16925,86314831,0
1998-06-30 10:28:00,16308,73058009,0
1998-06-30 10:29:00,16841,77810683,0
1998-06-30 10:30:00,16277,64648822,0
1998-06-30 10:31:00,14713,66588360,0
1998-06-30 10:32:00,16544,64581491,0
1998-06-30 10:33:00,16098,63962831,0
1998-06-30 10:34:00,15768,66552407,0
1998-06-30 10:35:00,16136,71485224,0
1998-06-30 10:36:00,16362,67152178,0
1998-06-30 10:37:00,16502,63924894,0
1998-06-30 10:38:00,17069,68907774,0
1998-06-30 10:39:00,16792,71348693,0
1998-06-30 10:40:00,16772,72397919,0
1998-06-30 10:41:00,17111,73515734,0
1998-06-30 10:42:00,17040,75665391,0
1998-06-30 10:43:00,17603,72013480,0
1998-06-30 10:44:00,17723,79989347,0
1998-06-30 10:45:00,16758,65745429,0
1998-06-30 10:46:00,17484,71094505,0
1998-06-30 10:47:00,18058,82359368,0
1998-06-30 10:48:00,16812,69559948,0
1998-06-30 10:49:00,17188,72731832,0
1998-06-30 10:50:00,18016,77346691,0
1998-06-30 10:51:00,18315,69923197,0
1998-06-30 10:52:00,17598,73550954,0
1998-06-30 10:53:00,16620,73923682,0
1998-06-30 10:54:00,17026,83270376,0
1998-06-30 10:55:00,16592,71267049,0
1998-06-30 10:56:00,17095,68630834,0
1998-06-30 10:57:00,16666,66187841,0
1998-06-30 10:58:00,16881,71951913,0
1998-06-30 10:59:00,16983,71188427,0
1998-06-30 11:00:00,17815,66743205,0
1998-06-30 11:01:00,17730,67771650,0
1998-06-30 11:02:00,15559,75307114,0
1998-06-30 11:03:00,16181,61984953,0
1998-06-30 11:04:00,16568,66021789,0
1998-06-30 11:05:00,17135,64684982,0
1998-06-30 11:06:00,16142,68257832,0
1998-06-30 11:07:00,15341,69685843,0
1998-06-30 11:08:00,17164,79583182,0
1998-06-30 11:09:00,16438,73547293,0
1998-06-30 11:10:00,17122,74654352,0
1998-06-30 11:11:00,17937,75002957,0
1998-06-30 11:12:00,18666,76013790,0
1998-06-30 11:13:00,19461,76173938,0
1998-06-30 11:14:00,19421,79622057,0
1998-06-30 11:15:00,19047,81453965,0
1998-06-30 11:16:00,18286,88545230,0
1998-06-30 11:17:00,18148,80224302,0
1998-06-30 11:18:00,17735,75986770,0
1998-06-30 11:19:00,18002,73544517,0
1998-06-30 11:20:00,17939,77768082,0
1998-06-30 11:21:00,16975,72130191,0
1998-06-30 11:22:00,18324,65715756,0
1998-06-30 11:23:00,18534,82688025,0
1998-06-30 11:24:00,18970,76144751,0
1998-06-30 11:25:00,18816,70891287,0
1998-06-30 11:26:00,18549,91992036,0
1998-06-30 11:27:00,18865,91986409,0
1998-06-30 11:28:00,17956,67698275,0
1998-06-30 11:29:00,18229,77138763,0
1998-06-30 11:30:00,18472,77023170,0
1998-06-30 11:31:00,18147,77677421,0
1998-06-30 11:32:00,18123,79624770,0
1998-06-30 11:33:00,18632,73298372,0
1998-06-30 11:34:00,17864,77544555,0
1998-06-30 11:35:00,19056,68707589,0
1998-06-30 11:36:00,18792,68887824,0
1998-06-30 11:37:00,18792,71517317,0
1998-06-30 11:38:00,17801,73086724,0
1998-06-30 11:39:00,18310,74146555,0
1998-06-30 11:40:00,18358,69032186,0
1998-06-30 11:41:00,19773,85455671,0
1998-06-30 11:42:00,18339,73637584,0
1998-06-30 11:43:00,18547,72158388,0
1998-06-30 11:44:00,19133,76817069,0
1998-06-30 11:45:00,19109,88106605,0
1998-06-30 11:46:00,18671,67934325,0
1998-06-30 11:47:00,18328,81953275,0
1998-06-30 11:48:00,19201,80677474,0
1998-06-30 11:49:00,18856,76518752,0
1998-06-30 11:50:00,19231,71761221,0
1998-06-30 11:51:00,18650,71678470,0
1998-06-30 11:52:00,19122,82654421,0
1998-06-30 11:53:00,19202,73732156,0
1998-06-30 11:54:00,19101,79714199,0
1998-06-30 11:55:00,19010,76759971,0
1998-06-30 11:56:00,18610,75192883,0
1998-06-30 11:57:00,19139,75556665,0
1998-06-30 11:58:00,18648,81628511,0
1998-06-30 11:59:00,19303,81704215,0
1998-06-30 12:00:00,18352,76712758,0
1998-06-30 12:01:00,18472,75881034,0
1998-06-30 12:02:00,19335,75534165,0
1998-06-30 12:03:00,20032,81467598,0
1998-06-30 12:04:00,19552,79286863,0
1998-06-30 12:05:00,19350,81595691,0
1998-06-30 12:06:00,21632,79052803,0
1998-06-30 12:07:00,21376,84023784,0
1998-06-30 12:08:00,19981,80882859,0
1998-06-30 12:09:00,20699,93482617,0
1998-06-30 12:10:00,20288,81984808,0
1998-06-30 12:11:00,21276,95620420,0
1998-06-30 12:12:00,19868,85809947,0
1998-06-30 12:13:00,21221,87713052,0
1998-06-30 12:14:00,21561,80123567,0
1998-06-30 12:15:00,20932,79218870,0
1998-06-30 12:16:00,19799,86165681,0
1998-06-30 12:17:00,19906,78301309,0
1998-06-30 12:18:00,19485,77099991,0
1998-06-30 12:19:00,20875,83261030,0
1998-06-30 12:20:00,20090,77314844,0
1998-06-30 12:21:00,21768,80737350,0
1998-06-30 12:22:00,21864,90520844,0
1998-06-30 12:23:00,21956,81487715,0
1998-06-30 12:24:00,20862,80949799,0
1998-06-30 12:25:00,21588,88929827,0
1998-06-30 12:26:00,21222,85186545,0
1998-06-30 12:27:00,21396,79992654,0
1998-06-30 12:28:00,22263,88529499,0
1998-06-30 12:29:00,20980,73733488,0
1998-06-30 12:30:00,21006,92867927,0
1998-06-30 12:31:00,20718,89916699,0
1998-06-30 12:32:00,21269,82514213,0
1998-06-30 12:33:00,19490,71155924,0
1998-06-30 12:34:00,21806,85305162,0
1998-06-30 12:35:00,21384,89197731,0
1998-06-30 12:36:00,22013,87724132,0
1998-06-30 12:37:00,22024,90911762,0
1998-06-30 12:38:00,23417,91867386,0
1998-06-30 12:39:00,22882,89677068,0
1998-06-30 12:40:00,22329,83033091,0
1998-06-30 12:41:00,20495,78075262,0
1998-06-30 12:42:00,21719,86090196,0
1998-06-30 12:43:00,22292,83159324,0
1998-06-30 12:44:00,23490,94208525,0
1998-06-30 12:45:00,24573,90113900,0
1998-06-30 12:46:00,24115,89552224,0
1998-06-30 12:47:00,24279,95019307,0
1998-06-30 12:48:00,23167,86505031,0
1998-06-30 12:49:00,22507,89854198,0
1998-06-30 12:50:00,22072,94222388,0
1998-06-30 12:51:00,21510,91719104,0
1998-06-30 12:52:00,23031,89346966,0
1998-06-30 12:53:00,23372,92304180,0
1998-06-30 12:54:00,23643,97401810,0
1998-06-30 12:55:00,23060,92009911,0
1998-06-30 12:56:00,23053,86548180,0
1998-06-30 12:57:00,22817,92040465,0
1998-06-30 12:58:00,22058,92869990,0
1998-06-30 12:59:00,24226,95017126,0
1998-06-30 13:00:00,24522,95937734,0
1998-06-30 13:01:00,24445,90513978,0
1998-06-30 13:02:00,23013,100629324,0
1998-06-30 13:03:00,24561,94147735,0
1998-06-30 13:04:00,23544,86192333,0
1998-06-30 13:05:00,24162,92844015,0
1998-06-30 13:06:00,25077,90955806,0
1998-06-30 13:07:00,25855,89353847,0
1998-06-30 13:08:00,26210,91356892,0
1998-06-30 13:09:00,26712,92168321,0
1998-06-30 13:10:00,27174,98294075,0
1998-06-30 13:11:00,26271,90932906,0
1998-06-30 13:12:00,26706,92893999,0
1998-06-30 13:13:00,27106,94648978,0
1998-06-30 13:14:00,26329,92557871,0
1998-06-30 13:15:00,25258,96173858,0
1998-06-30 13:16:00,23987,100168940,0
1998-06-30 13:17:00,26006,97114246,0
1998-06-30 13:18:00,25620,90233909,0
1998-06-30 13:19:00,24977,96042554,0
1998-06-30 13:20:00,26075,92961661,0
1998-06-30 13:21:00,25191,92443888,0
1998-06-30 13:22:00,24834,97527482,0
1998-06-30 13:23:00,25820,110228814,0
1998-06-30 13:24:00,24904,98041683,0
1998-06-30 13:25:00,24800,85890645,0
1998-06-30 13:26:00,24880,88034284,0
1998-06-30 13:27:00,24182,91422442,0
1998-06-30 13:28:00,22840,84389476,0
1998-06-30 13:29:00,24850,94854128,0
1998-06-30 13:30:00,24037,99171999,0
1998-06-30 13:31:00,25444,91190787,0
1998-06-30 13:32:00,27495,87386295,0
1998-06-30 13:33:00,27385,100976085,0
1998-06-30 13:34:00,27207,94573234,0
1998-06-30 13:35:00,26740,90593807,0
1998-06-30 13:36:00,26963,95605268,0
1998-06-30 13:37:00,26769,104795938,0
1998-06-30 13:38:00,27101,95014972,0
1998-06-30 13:39:00,28179,101830245,0
1998-06-30 13:40:00,27057,99096311,0
1998-06-30 13:41:00,26531,90609488,0
1998-06-30 13:42:00,26852,93413672,0
1998-06-30 13:43:00,26571,94707033,0
1998-06-30 13:44:00,27030,114964502,0
1998-06-30 13:45:00,26358,105081701,0
1998-06-30 13:46:00,26423,93707354,0
1998-06-30 13:47:00,26594,106906860,0
1998-06-30 13:48:00,27498,101113727,0
1998-06-30 13:49:00,27203,100682584,0
1998-06-30 13:50:00,26649,97222525,0
1998-06-30 13:51:00,26978,94921064,0
1998-06-30 13:52:00,27547,98322395,0
1998-06-30 13:53:00,26659,90802897,0
1998-06-30 13:54:00,25373,99317841,0
1998-06-30 13:55:00,26920,95971209,0
1998-06-30 13:56:00,27857,108567728,0
1998-06-30 13:57:00,27999,98273310,0
1998-06-30 13:58:00,29353,104382351,0
1998-06-30 13:59:00,27912,90529098,0
1998-06-30 14:00:00,26891,101831494,0
1998-06-30 14:01:00,28929,106121306,0
1998-06-30 14:02:00,29336,107305262,0
1998-06-30 14:03:00,28754,106388854,0
1998-06-30 14:04:00,28708,100708887,0
1998-06-30 14:05:00,29572,113577575,0
1998-06-30 14:06:00,30593,102182293,0
1998-06-30 14:07:00,28875,104680278,0
1998-06-30 14:08:00,30389,104071917,0
1998-06-30 14:09:00,30071,114604290,0
1998-06-30 14:10:00,30602,121197126,0
1998-06-30 14:11:00,31528,111693006,0
1998-06-30 14:12:00,34164,121376441,0
1998-06-30 14:13:00,32854,116891873,0
1998-06-30 14:14:00,32896,119078476,0
1998-06-30 14:15:00,33394,116141961,0
1998-06-30 14:16:00,32113,113281936,0
1998-06-30 14:17:00,33701,115839561,0
1998-06-30 14:18:00,34507,111532057,0
1998-06-30 14:19:00,33872,128041083,0
1998-06-30 14:20:00,33697,108802413,0
1998-06-30 14:21:00,34251,126676096,0
1998-06-30 14:22:00,37076,127840401,0
1998-06-30 14:23:00,33588,119123297,0
1998-06-30 14:24:00,35049,121020837,0
1998-06-30 14:25:00,37932,128208322,0
1998-06-30 14:26:00,38969,133160260,0
1998-06-30 14:27:00,39138,130742667,0
1998-06-30 14:28:00,42182,135446340,0
1998-06-30 14:29:00,42400,150128285,0
1998-06-30 14:30:00,44921,135589355,0
1998-06-30 14:31:00,46338,149314121,0
1998-06-30 14:32:00,50775,158099192,0
1998-06-30 14:33:00,53009,162657720,0
1998-06-30 14:34:00,54229,164575752,0
1998-06-30 14:35:00,57841,173850296,0
1998-06-30 14:36:00,62521,180047669,0
1998-06-30 14:37:00,65612,182152589,0
1998-06-30 14:38:00,65294,169882862,0
1998-06-30 14:39:00,67713,191463609,0
1998-06-30 14:40:00,73556,193158113,0
1998-06-30 14:41:00,73162,184127677,0
1998-06-30 14:42:00,72682,193353706,0
1998-06-30 14:43:00,76989,199228846,0
1998-06-30 14:44:00,79077,206252054,0
1998-06-30 14:45:00,81374,217358304,0
1998-06-30 14:46:00,82633,211148029,0
1998-06-30 14:47:00,86898,222804047,0
1998-06-30 14:48:00,88891,221275098,0
1998-06-30 14:49:00,90186,224990644,0
1998-06-30 14:50:00,91879,238117237,0
1998-06-30 14:51:00,94371,228570262,0
1998-06-30 14:52:00,93953,227734161,0
1998-06-30 14:53:00,95725,244838771,0
1998-06-30 14:54:00,96824,235342360,0
1998-06-30 14:55:00,100956,244069586,0
1998-06-30 14:56:00,100112,248679297,0
1998-06-30 14:57:00,99284,251196738,0
1998-06-30 14:58:00,103611,254488132,0
1998-06-30 14:59:00,108187,267220755,0
1998-06-30 15:00:00,106050,266945071,0
1998-06-30 15:01:00,103151,255764297,0
1998-06-30 15:02:00,104478,261794578,0
1998-06-30 15:03:00,108842,268221457,0
1998-06-30 15:04:00,111179,270706322,0
1998-06-30 15:05:00,110102,267770120,0
1998-06-30 15:06:00,110886,274598888,0
1998-06-30 15:07:00,115254,288950243,0
1998-06-30 15:08:00,118504,286426258,0
1998-06-30 15:09:00,114353,277733960,0
1998-06-30 15:10:00,116001,274826518,0
1998-06-30 15:11:00,118538,285326955,0
1998-06-30 15:12:00,119795,288860880,0
1998-06-30 15:13:00,120120,294641930,0
1998-06-30 15:14:00,119455,293772523,0
1998-06-30 15:15:00,119902,298502144,0
1998-06-30 15:16:00,120586,291896425,0
1998-06-30 15:17:00,125418,311382694,0
1998-06-30 15:18:00,128903,316062446,0
1998-06-30 15:19:00,131126,320177565,0
1998-06-30 15:20:00,131754,325261832,0
1998-06-30 15:21:00,128781,310717667,0
1998-06-30 15:22:00,128280,309981529,0
1998-06-30 15:23:00,126827,311087475,0
1998-06-30 15:24:00,128349,327132688,0
1998-06-30 15:25:00,126764,310982157,0
1998-06-30 15:26:00,126972,319874624,0
1998-06-30 15:27:00,126308,310800870,0
1998-06-30 15:28:00,129453,316075232,0
1998-06-30 15:29:00,126505,310624404,0
1998-06-30 15:30:00,126468,315619363,0
1998-06-30 15:31:00,131449,322105061,0
1998-06-30 15:32:00,131900,304705622,0
1998-06-30 15:33:00,130870,313289471,0
1998-06-30 15:34:00,132432,313967778,0
1998-06-30 15:35:00,134869,321690630,0
1998-06-30 15:36:00,136509,312230843,0
1998-06-30 15:37:00,132609,308661870,0
1998-06-30 15:38:00,133968,318834234,0
1998-06-30 15:39:00,137155,330092937,0
1998-06-30 15:40:00,133593,322311193,0
1998-06-30 15:41:00,134076,324667250,0
1998-06-30 15:42:00,132256,332715289,0
1998-06-30 15:43:00,137446,343366280,0
1998-06-30 15:44:00,132995,321959426,0
1998-06-30 15:45:00,134783,331317639,0
1998-06-30 15:46:00,135963,344369155,0
1998-06-30 15:47:00,140895,334256894,0
1998-06-30 15:48:00,141650,335671639,0
1998-06-30 15:49:00,140713,332116218,0
1998-06-30 15:50:00,141874,344121934,0
1998-06-30 15:51:00,140694,339092544,0
1998-06-30 15:52:00,144560,345060669,0
1998-06-30 15:53:00,141574,334959682,0
1998-06-30 15:54:00,145348,347032971,0
1998-06-30 15:55:00,141714,352025048,0
1998-06-30 15:56:00,142146,351966907,0
1998-06-30 15:57:00,142950,350532603,0
1998-06-30 15:58:00,144715,344616393,0
1998-06-30 15:59:00,146176,347838833,0
1998-06-30 16:00:00,144736,351435986,0
1998-06-30 16:01:00,143532,338340076,0
1998-06-30 16:02:00,147111,356123151,0
1998-06-30 16:03:00,147661,354033000,0
1998-06-30 16:04:00,146704,366679138,0
1998-06-30 16:05:00,140666,348052134,0
1998-06-30 16:06:00,142527,348597278,0
1998-06-30 16:07:00,145714,363146045,0
1998-06-30 16:08:00,146589,365763007,0
1998-06-30 16:09:00,145168,360725124,0
1998-06-30 16:10:00,141269,357850665,0
1998-06-30 16:11:00,147232,363618382,0
1998-06-30 16:12:00,150255,376694456,0
1998-06-30 16:13:00,149626,374596831,0
1998-06-30 16:14:00,147021,372203295,0
1998-06-30 16:15:00,146507,363067666,0
1998-06-30 16:16:00,147921,381668879,0
1998-06-30 16:17:00,149779,364303860,0
1998-06-30 16:18:00,148398,388730328,0
1998-06-30 16:19:00,155118,382082301,0
1998-06-30 16:20:00,155026,395409135,0
1998-06-30 16:21:00,160236,400584225,0
1998-06-30 16:22:00,159276,404520623,0
1998-06-30 16:23:00,167175,424809400,0
1998-06-30 16:24:00,167502,450060045,0
1998-06-30 16:25:00,176001,454961920,0
1998-06-30 16:26:00,172634,455463857,0
1998-06-30 16:27:00,176261,447889260,0
1998-06-30 16:28:00,173275,443725440,0
1998-06-30 16:29:00,161267,410597489,0
1998-06-30 16:30:00,148753,383633792,0
1998-06-30 16:31:00,142818,356052883,0
1998-06-30 16:32:00,137879,345834344,0
1998-06-30 16:33:00,134423,348602499,0
1998-06-30 16:34:00,132064,343359153,0
1998-06-30 16:35:00,129490,326009033,0
1998-06-30 16:36:00,128753,320362849,0
1998-06-30 16:37:00,121256,310872920,0
1998-06-30 16:38:00,120039,299701117,0
1998-06-30 16:39:00,119254,300373493,0
1998-06-30 16:40:00,124183,302232090,0
1998-06-30 16:41:00,120262,293338784,0
1998-06-30 16:42:00,113735,298450232,0
1998-06-30 16:43:00,114594,295971742,0
1998-06-30 16:44:00,116205,291706864,0
1998-06-30 16:45:00,116161,298744386,0
1998-06-30 16:46:00,114407,283171415,0
1998-06-30 16:47:00,115522,287362300,0
1998-06-30 16:48:00,115992,293095542,0
1998-06-30 16:49:00,111173,288155667,0
1998-06-30 16:50:00,107949,266865524,0
1998-06-30 16:51:00,103796,265463328,0
1998-06-30 16:52:00,102477,254266163,0
1998-06-30 16:53:00,102361,257998992,0
1998-06-30 16:54:00,103544,276565618,0
1998-06-30 16:55:00,103857,263266593,0
1998-06-30 16:56:00,103540,251919198,0
1998-06-30 16:57:00,99024,250387080,0
1998-06-30 16:58:00,95431,239149833,0
1998-06-30 16:59:00,98360,263864774,0
1998-06-30 17:00:00,97925,254478231,0
1998-06-30 17:01:00,96972,247017615,0
1998-06-30 17:02:00,95350,249014939,0
1998-06-30 17:03:00,94862,250650510,0
1998-06-30 17:04:00,99179,253985801,0
1998-06-30 17:05:00,94168,246468455,0
1998-06-30 17:06:00,94393,241788202,0
1998-06-30 17:07:00,93063,239888294,0
1998-06-30 17:08:00,94909,241430025,0
1998-06-30 17:09:00,93900,245471459,0
1998-06-30 17:10:00,92098,248508749,0
1998-06-30 17:11:00,92179,234563848,0
1998-06-30 17:12:00,93392,236109093,0
1998-06-30 17:13:00,92684,230494829,0
1998-06-30 17:14:00,90793,233527818,0
1998-06-30 17:15:00,86588,227409205,0
1998-06-30 17:16:00,88423,221809009,0
1998-06-30 17:17:00,90077,228980941,0
1998-06-30 17:18:00,87723,220690719,0
1998-06-30 17:19:00,84659,224150680,0
1998-06-30 17:20:00,86592,224554840,0
1998-06-30 17:21:00,87613,229356796,0
1998-06-30 17:22:00,87563,217880472,0
1998-06-30 17:23:00,84463,223816060,0
1998-06-30 17:24:00,83420,219630569,0
1998-06-30 17:25:00,86785,225685141,0
1998-06-30 17:26:00,85790,222544699,0
1998-06-30 17:27:00,83767,213503831,0
1998-06-30 17:28:00,84066,207633543,0
1998-06-30 17:29:00,82649,214059778,0
1998-06-30 17:30:00,82423,217335828,0
1998-06-30 17:31:00,82328,225312001,0
1998-06-30 17:32:00,80314,207421724,0
1998-06-30 17:33:00,78771,196100990,0
1998-06-30 17:34:00,78831,206050510,0
1998-06-30 17:35:00,83230,212930719,0
1998-06-30 17:36:00,82172,198592389,0
1998-06-30 17:37:00,79582,205891600,0
1998-06-30 17:38:00,80616,202793667,0
1998-06-30 17:39:00,79167,211761574,0
1998-06-30 17:40:00,82272,213200880,0
1998-06-30 17:41:00,80692,205213774,0
1998-06-30 17:42:00,81552,213255055,0
1998-06-30 17:43:00,77603,197514497,0
1998-06-30 17:44:00,77566,221312977,0
1998-06-30 17:45:00,80863,208109443,0
1998-06-30 17:46:00,80924,212971669,0
1998-06-30 17:47:00,79090,205392839,0
1998-06-30 17:48:00,77883,209335253,0
1998-06-30 17:49:00,81106,211990978,0
1998-06-30 17:50:00,78715,199198479,0
1998-06-30 17:51:00,76570,209141932,0
1998-06-30 17:52:00,76843,202759903,0
1998-06-30 17:53:00,79483,195199420,0
1998-06-30 17:54:00,77661,196937576,0
1998-06-30 17:55:00,74216,193620962,0
1998-06-30 17:56:00,79889,203787879,0
1998-06-30 17:57:00,80071,200695456,0
1998-06-30 17:58:00,76793,202450217,0
1998-06-30 17:59:00,73618,195567846,0
1998-06-30 18:00:00,76911,203369323,0
1998-06-30 18:01:00,80517,206821580,0
1998-06-30 18:02:00,74742,192528780,0
1998-06-30 18:03:00,72651,202244777,0
1998-06-30 18:04:00,77351,203407819,0
1998-06-30 18:05:00,79179,202738887,0
1998-06-30 18:06:00,78789,198335225,0
1998-06-30 18:07:00,76301,187170564,0
1998-06-30 18:08:00,74148,204865973,0
1998-06-30 18:09:00,75525,196324301,0
1998-06-30 18:10:00,78649,196390418,0
1998-06-30 18:11:00,74023,186047321,0
1998-06-30 18:12:00,74569,180703025,0
1998-06-30 18:13:00,75688,196826531,0
1998-06-30 18:14:00,76759,187495474,0
1998-06-30 18:15:00,76400,188894160,0
1998-06-30 18:16:00,72482,176599067,0
1998-06-30 18:17:00,72848,184811603,0
1998-06-30 18:18:00,73726,181072963,0
1998-06-30 18:19:00,76338,180067042,0
1998-06-30 18:20:00,73770,179026956,0
1998-06-30 18:21:00,75643,193867555,0
1998-06-30 18:22:00,76203,198726473,0
1998-06-30 18:23:00,74588,179708273,0
1998-06-30 18:24:00,72301,183491670,0
1998-06-30 18:25:00,74369,186191906,0
1998-06-30 18:26:00,75165,195583739,0
1998-06-30 18:27:00,73660,184078353,0
1998-06-30 18:28:00,72606,189318042,0
1998-06-30 18:29:00,73544,185299118,0
1998-06-30 18:30:00,76157,188391835,0
1998-06-30 18:31:00,74699,187511959,0
1998-06-30 18:32:00,71110,183732286,0
1998-06-30 18:33:00,72377,189133018,0
1998-06-30 18:34:00,76426,190015527,0
1998-06-30 18:35:00,76147,191702994,0
1998-06-30 18:36:00,73150,183617847,0
1998-06-30 18:37:00,69879,177027056,0
1998-06-30 18:38:00,73486,179273960,0
1998-06-30 18:39:00,75402,191377684,0
1998-06-30 18:40:00,73504,186053337,0
1998-06-30 18:41:00,70686,179199284,0
1998-06-30 18:42:00,73202,180746567,0
1998-06-30 18:43:00,72502,187077379,0
1998-06-30 18:44:00,71207,181053916,0
1998-06-30 18:45:00,71400,179583724,0
1998-06-30 18:46:00,74105,190735673,0
1998-06-30 18:47:00,74821,183281343,0
1998-06-30 18:48:00,75652,191304006,0
1998-06-30 18:49:00,72222,181218166,0
1998-06-30 18:50:00,72751,187982215,0
1998-06-30 18:51:00,76681,196824848,0
1998-06-30 18:52:00,74019,184389207,0
1998-06-30 18:53:00,74052,183513317,0
1998-06-30 18:54:00,74038,176419789,0
1998-06-30 18:55:00,76067,188873268,0
1998-06-30 18:56:00,77060,192533357,0
1998-06-30 18:57:00,77032,193382704,0
1998-06-30 18:58:00,80241,196203477,0
1998-06-30 18:59:00,83605,198741828,0
1998-06-30 19:00:00,80622,191329300,0
1998-06-30 19:01:00,81848,198731306,0
1998-06-30 19:02:00,87725,225325114,0
1998-06-30 19:03:00,92717,215770919,0
1998-06-30 19:04:00,88803,207563889,0
1998-06-30 19:05:00,89686,219514445,0
1998-06-30 19:06:00,93845,231883939,0
1998-06-30 19:07:00,100191,232338507,0
1998-06-30 19:08:00,99292,231482324,0
1998-06-30 19:09:00,101035,235875828,0
1998-06-30 19:10:00,105443,246724488,0
1998-06-30 19:11:00,109855,247088664,0
1998-06-30 19:12:00,110368,249092505,0
1998-06-30 19:13:00,110150,256678347,0
1998-06-30 19:14:00,108277,246737710,0
1998-06-30 19:15:00,110212,251368245,0
1998-06-30 19:16:00,114999,264845674,0
1998-06-30 19:17:00,117932,259871734,0
1998-06-30 19:18:00,117551,263521091,0
1998-06-30 19:19:00,121216,272105344,0
1998-06-30 19:20:00,122305,273866842,0
1998-06-30 19:21:00,122604,291064626,0
1998-06-30 19:22:00,120855,277359418,0
1998-06-30 19:23:00,120367,278054447,0
1998-06-30 19:24:00,121255,272952130,0
1998-06-30 19:25:00,122202,284727059,0
1998-06-30 19:26:00,121818,292411345,0
1998-06-30 19:27:00,126184,287570903,0
1998-06-30 19:28:00,124100,287481166,0
1998-06-30 19:29:00,126898,292586957,0
1998-06-30 19:30:00,124560,292904905,0
1998-06-30 19:31:00,124453,291624859,0
1998-06-30 19:32:00,123685,277766805,0
1998-06-30 19:33:00,125394,287895498,0
1998-06-30 19:34:00,124496,286046446,0
1998-06-30 19:35:00,127721,296633681,0
1998-06-30 19:36:00,127796,298826384,0
1998-06-30 19:37:00,127513,298976471,0
1998-06-30 19:38:00,129107,308364154,0
1998-06-30 19:39:00,134601,315970864,0
1998-06-30 19:40:00,133871,322498644,0
1998-06-30 19:41:00,130019,306908592,0
1998-06-30 19:42:00,131622,310046334,0
1998-06-30 19:43:00,133899,317303815,0
1998-06-30 19:44:00,136977,320112714,0
1998-06-30 19:45:00,135684,316220996,0
1998-06-30 19:46:00,136896,323662974,0
1998-06-30 19:47:00,142831,342278267,0
1998-06-30 19:48:00,149107,349867724,0
1998-06-30 19:49:00,150447,362247800,0
1998-06-30 19:50:00,147172,361829584,0
1998-06-30 19:51:00,146400,366488202,0
1998-06-30 19:52:00,142558,345633136,0
1998-06-30 19:53:00,137451,343848247,0
1998-06-30 19:54:00,135926,332561606,0
1998-06-30 19:55:00,135299,325269462,0
1998-06-30 19:56:00,137068,337403111,0
1998-06-30 19:57:00,135033,331100072,0
1998-06-30 19:58:00,135573,323105921,0
1998-06-30 19:59:00,132662,321432801,0
1998-06-30 20:00:00,133390,337847842,0
1998-06-30 20:01:00,130177,328311434,0
1998-06-30 20:02:00,133642,327877249,0
1998-06-30 20:03:00,132326,322415914,0
1998-06-30 20:04:00,138968,326411451,0
1998-06-30 20:05:00,137293,322487107,0
1998-06-30 20:06:00,136392,324191250,0
1998-06-30 20:07:00,136863,335293632,0
1998-06-30 20:08:00,142916,351759867,0
1998-06-30 20:09:00,138172,333381027,0
1998-06-30 20:10:00,140449,347108771,0
1998-06-30 20:11:00,142899,349753243,0
1998-06-30 20:12:00,143634,358440696,0
1998-06-30 20:13:00,144571,350959703,0
1998-06-30 20:14:00,142813,361824991,0
1998-06-30 20:15:00,147901,364413727,0
1998-06-30 20:16:00,144428,358704882,0
1998-06-30 20:17:00,148392,374802619,0
1998-06-30 20:18:00,145448,358542769,0
1998-06-30 20:19:00,147899,372095868,0
1998-06-30 20:20:00,148969,361376135,0
1998-06-30 20:21:00,150050,377786033,0
1998-06-30 20:22:00,146004,367421483,0
1998-06-30 20:23:00,147793,373001450,0
1998-06-30 20:24:00,152488,383933895,0
1998-06-30 20:25:00,150221,375790031,0
1998-06-30 20:26:00,150396,372542964,0
1998-06-30 20:27:00,150587,382205990,0
1998-06-30 20:28:00,154600,379643493,0
1998-06-30 20:29:00,154240,385995373,0
1998-06-30 20:30:00,156406,395182969,0
1998-06-30 20:31:00,157279,398918200,0
1998-06-30 20:32:00,158250,400576926,0
1998-06-30 20:33:00,156094,402609775,0
1998-06-30 20:34:00,156022,399472654,0
1998-06-30 20:35:00,156312,401981611,0
1998-06-30 20:36:00,156269,398200434,0
1998-06-30 20:37:00,158750,402859922,0
1998-06-30 20:38:00,162074,418966117,0
1998-06-30 20:39:00,161783,433033023,0
1998-06-30 20:40:00,164356,428975059,0
1998-06-30 20:41:00,165928,436876446,0
1998-06-30 20:42:00,165907,451908152,0
1998-06-30 20:43:00,171122,442209238,0
1998-06-30 20:44:00,170118,446177573,0
1998-06-30 20:45:00,170417,449151325,0
1998-06-30 20:46:00,172006,459489802,0
1998-06-30 20:47:00,170670,458449855,0
1998-06-30 20:48:00,174354,476797938,0
1998-06-30 20:49:00,176012,474563295,0
1998-06-30 20:50:00,183252,498855540,0
1998-06-30 20:51:00,185909,503361592,0
1998-06-30 20:52:00,189011,512589490,0
1998-06-30 20:53:00,189407,512647827,0
1998-06-30 20:54:00,187643,518199228,0
1998-06-30 20:55:00,187777,513168286,0
1998-06-30 20:56:00,175206,494360644,0
1998-06-30 20:57:00,175886,491059650,0
1998-06-30 20:58:00,169082,471964553,0
1998-06-30 20:59:00,175293,481728057,0
1998-06-30 21:00:00,171826,470494378,0
1998-06-30 21:01:00,172213,474625583,0
1998-06-30 21:02:00,170150,472482303,0
1998-06-30 21:03:00,174855,476059638,0
1998-06-30 21:04:00,178227,489669958,0
1998-06-30 21:05:00,175193,482332807,0
1998-06-30 21:06:00,171402,490891682,0
1998-06-30 21:07:00,174938,488472394,0
1998-06-30 21:08:00,174556,493237948,0
1998-06-30 21:09:00,182999,498415583,0
1998-06-30 21:10:00,179591,496000090,0
1998-06-30 21:11:00,178945,512816993,0
1998-06-30 21:12:00,179563,508739126,0
1998-06-30 21:13:00,181256,512184046,0
1998-06-30 21:14:00,180204,516806505,0
1998-06-30 21:15:00,178383,513758483,0
1998-06-30 21:16:00,177309,521129121,0
1998-06-30 21:17:00,181912,515723215,0
1998-06-30 21:18:00,179905,520435381,0
1998-06-30 21:19:00,184974,530588221,0
1998-06-30 21:20:00,180173,517736594,0
1998-06-30 21:21:00,183815,525086264,0
1998-06-30 21:22:00,179987,523990923,0
1998-06-30 21:23:00,185046,540471279,0
1998-06-30 21:24:00,183731,551723366,0
1998-06-30 21:25:00,187117,543644204,0
1998-06-30 21:26:00,192499,563972580,0
1998-06-30 21:27:00,192544,564174148,0
1998-06-30 21:28:00,195901,593037343,0
1998-06-30 21:29:00,199466,595342618,0
1998-06-30 21:30:00,204261,602975700,0
1998-06-30 21:31:00,209860,622805742,0
1998-06-30 21:32:00,211072,613050791,0
1998-06-30 21:33:00,209729,613420110,0
1998-06-30 21:34:00,207421,605233562,0
1998-06-30 21:35:00,209304,608383064,0
1998-06-30 21:36:00,210647,612708171,0
1998-06-30 21:37:00,203449,585705583,0
1998-06-30 21:38:00,204024,599669826,0
1998-06-30 21:39:00,210326,606950709,0
1998-06-30 21:40:00,213766,616734356,0
1998-06-30 21:41:00,209785,608091076,0
1998-06-30 21:42:00,215241,610998496,0
1998-06-30 21:43:00,210175,586566808,0
1998-06-30 21:44:00,206933,585909307,0
1998-06-30 21:45:00,201608,577111886,0
1998-06-30 21:46:00,201083,579224287,0
1998-06-30 21:47:00,198004,602760869,0
1998-06-30 21:48:00,199211,612408348,0
1998-06-30 21:49:00,193032,587202384,0
1998-06-30 21:50:00,189363,570519456,0
1998-06-30 21:51:00,181594,563964246,0
1998-06-30 21:52:00,172560,527570713,0
1998-06-30 21:53:00,166774,505047188,0
1998-06-30 21:54:00,158580,463066014,0
1998-06-30 21:55:00,146876,415839143,0
1998-06-30 21:56:00,143093,391644756,0
1998-06-30 21:57:00,133402,366453417,0
1998-06-30 21:58:00,131786,353164384,0
1998-06-30 21:59:00,120964,321864378,0
1998-06-30 22:00:00,129,593220,321864378
